City,Lat,Lng,Max Temp,Humidity,Cloudiness,Wind Speed,Country,Date
Butaritari,3.07,172.79,79.32200000000003,78,99,4.51,KI,1595351040
Kununurra,-15.77,128.73,57.2,30,37,4.09,AU,1595351230
Vaini,-21.2,-175.2,57.2,100,20,1.13,TO,1595351043
Cidreira,-30.18,-50.21,73.27400000000002,64,53,1.32,BR,1595351230
Ushuaia,-54.8,-68.3,33.8,100,52,1.5,AR,1595351015
Upernavik,72.79,-56.15,49.46000000000008,56,100,0.9,GL,1595351230
Hobart,-42.88,147.33,46.004000000000055,75,76,0.5,AU,1595351111
Havøysund,71.0,24.66,51.8,100,90,2.6,NO,1595351230
Busselton,-33.65,115.33,53.00600000000003,71,14,4.41,AU,1595351230
Kavieng,-2.57,150.8,81.80600000000004,76,22,2.56,PG,1595351230
Ibrā’,22.69,58.53,86.01800000000009,63,100,5.15,OM,1595351230
Mount Isa,-20.73,139.5,62.6,29,20,5.1,AU,1595351230
Saint-Philippe,-21.36,55.77,66.2,77,75,2.6,RE,1595351231
Bluff,-46.6,168.33,39.00200000000008,83,99,1.34,NZ,1595351039
Port Blair,11.67,92.75,82.04000000000002,75,100,1.35,IN,1595351231
Storforshei,66.4,14.52,53.6,76,75,4.1,NO,1595351231
George Town,5.41,100.34,78.80000000000001,100,20,1.5,MY,1595351052
Honningsvåg,70.98,25.97,50.0,100,90,2.6,NO,1595350984
Kemijärvi,66.71,27.43,66.45200000000008,77,100,2.06,FI,1595351231
Khatanga,71.97,102.5,52.91600000000001,70,79,4.63,RU,1595351231
Rikitea,-23.12,-134.97,65.76800000000009,61,34,8.32,PF,1595351232
Punta Arenas,-53.15,-70.92,30.2,92,0,1.0,CL,1595351103
Engel's,51.5,46.12,78.00800000000001,26,32,1.79,RU,1595351232
Tiksi,71.69,128.87,49.11800000000009,89,100,1.79,RU,1595351232
Lensk,60.73,114.93,54.842,93,100,4.49,RU,1595351232
Yellowknife,62.46,-114.35,62.6,93,75,4.6,CA,1595350963
Erenhot,43.65,111.98,80.16800000000009,30,0,7.84,CN,1595351232
Kapaa,22.08,-159.32,75.2,83,75,4.6,US,1595350996
Cochrane,51.18,-114.47,68.0,82,20,0.91,CA,1595351232
Saldanha,-33.01,17.94,62.6,77,0,3.1,ZA,1595351043
Arraial do Cabo,-22.97,-42.03,84.2,61,0,5.1,BR,1595351022
Klaksvík,62.23,-6.59,53.6,81,5,5.1,FO,1595351043
Yaan,7.38,8.57,78.94400000000007,89,26,1.78,NG,1595351232
Avarua,-21.21,-159.78,71.6,94,100,10.3,CK,1595351233
Mataura,-46.19,168.86,39.00200000000008,83,99,1.34,NZ,1595351233
Paramonga,-10.67,-77.83,65.37200000000004,70,76,4.0,PE,1595351233
Jamestown,42.1,-79.24,77.0,73,40,2.1,US,1595351104
Sakakah,29.97,40.21,109.4,8,25,9.3,SA,1595351233
Taldan,53.67,124.8,52.08800000000005,80,88,0.64,RU,1595351233
Hobyo,5.35,48.53,78.06200000000007,76,90,13.54,SO,1595351233
Faya,18.39,42.45,66.2,82,75,5.1,SA,1595351233
Provideniya,64.38,-173.3,46.47200000000004,78,98,0.07,RU,1595351043
Saskylakh,71.92,114.08,48.596000000000046,79,100,5.08,RU,1595351234
Bandarbeyla,9.49,50.81,79.75400000000005,68,24,15.15,SO,1595351234
Havre-St-Pierre,50.23,-63.6,68.0,64,1,11.8,CA,1595351234
Hermanus,-34.42,19.23,57.00200000000008,90,0,3.05,ZA,1595351234
Rudnya,54.95,31.09,64.4,88,75,4.0,RU,1595351234
Atuona,-9.8,-139.03,79.34000000000003,75,29,7.9,PF,1595351234
Tsimmerbude,54.67,20.13,64.4,59,40,7.0,RU,1595351235
Muisne,0.6,-80.03,77.0,88,90,2.6,EC,1595351235
Lebu,-37.62,-73.65,53.024000000000015,78,100,6.32,CL,1595351235
San Patricio,19.22,-104.7,91.4,70,5,2.6,MX,1595351235
Iqaluit,63.75,-68.51,48.2,87,90,8.7,CA,1595351235
Bredasdorp,-34.53,20.04,60.8,77,0,5.1,ZA,1595351235
Rurrenabaque,-14.44,-67.53,87.80000000000001,74,40,2.62,BO,1595350985
Tolaga Bay,-38.37,178.3,50.54000000000002,79,60,1.33,NZ,1595351236
Pangkalanbuun,-2.68,111.62,74.55200000000008,96,62,1.05,ID,1595351112
Castro,-24.79,-50.01,72.23000000000005,52,0,3.61,BR,1595351236
Souillac,-20.52,57.52,69.80000000000001,52,75,4.1,MU,1595351236
Cayenne,4.93,-52.33,89.6,52,75,4.6,GF,1595351057
Kloulklubed,7.04,134.26,77.0,94,75,4.56,PW,1595351236
Hamilton,39.18,-84.53,89.99600000000005,64,78,0.89,US,1595351042
Sitka,57.05,-135.33,55.400000000000006,93,90,1.35,US,1595351236
Hithadhoo,-0.6,73.08,84.41600000000001,76,99,4.57,MV,1595351030
Flin Flon,54.77,-101.86,71.6,56,20,3.6,CA,1595351236
Puerto Ayora,-0.74,-90.35,75.2,69,75,6.2,EC,1595351237
Saint Paul Harbor,57.79,-152.41,60.8,72,1,2.1,US,1595351050
Skibbereen,51.55,-9.27,64.4,72,40,6.2,IE,1595351237
Isangel,-19.55,169.27,68.57600000000009,70,20,5.23,VU,1595351082
Codrington,-38.27,141.97,49.37000000000006,76,94,3.7,AU,1595351237
Asunción,-25.3,-57.64,89.6,33,78,7.2,PY,1595351131
Maţāy,28.42,30.78,93.39800000000002,18,4,6.7,EG,1595351237
Ponta do Sol,32.67,-17.1,73.00400000000005,62,15,0.65,PT,1595351237
Samarai,-10.62,150.67,76.08200000000002,82,52,7.28,PG,1595351238
Port Alfred,-33.59,26.89,64.47200000000004,59,0,5.06,ZA,1595351238
Luwuk,-0.95,122.79,77.09000000000003,79,22,1.95,ID,1595351238
Lavrentiya,65.58,-171.0,43.538000000000046,79,70,2.49,RU,1595351238
Mar del Plata,-38.0,-57.56,51.998000000000026,93,90,9.3,AR,1595351040
Port Lincoln,-34.73,135.87,49.891999999999996,68,11,2.49,AU,1595351077
Grafton,42.21,-71.69,87.99800000000002,54,42,3.73,US,1595351071
Birao,10.28,22.79,77.558,73,28,1.0,CF,1595351238
Zavallya,48.21,30.02,73.04000000000002,74,13,3.63,UA,1595351238
Constitución,-35.33,-72.42,54.68000000000004,76,97,4.9,CL,1595351238
Katsuura,35.13,140.3,77.0,91,93,0.45,JP,1595351238
Kaitangata,-46.28,169.85,42.008,64,100,4.02,NZ,1595351239
Port Elizabeth,-33.92,25.57,60.8,87,0,1.0,ZA,1595350943
Albany,42.6,-73.97,86.0,45,29,3.9,US,1595351239
Nikolskoye,59.7,30.79,71.00600000000003,72,75,2.0,RU,1595351239
Trivandrum,8.48,76.92,84.2,79,75,0.75,IN,1595351143
Chui,-33.7,-53.46,68.70200000000008,85,100,2.14,UY,1595351239
Cape Town,-33.93,18.42,60.998000000000026,82,0,1.0,ZA,1595350717
Dikson,73.51,80.55,38.588000000000044,94,100,6.72,RU,1595351239
Genteng,-8.37,114.15,73.14800000000002,93,79,0.89,ID,1595351239
Nishihara,26.18,127.76,82.4,83,20,2.1,JP,1595351240
Airai,-8.93,125.41,54.69800000000002,93,25,1.47,TL,1595351045
Krasnosel'kup,65.7,82.47,50.25200000000008,68,77,6.54,RU,1595351240
Tabas,33.6,56.92,100.4,11,0,2.1,IR,1595351240
Tasiilaq,65.61,-37.64,46.4,70,40,4.6,GL,1595350984
Ilulissat,69.22,-51.1,55.400000000000006,50,75,1.5,GL,1595351240
Taoudenni,22.68,-3.98,114.45800000000001,7,4,8.97,ML,1595351080
Quelimane,-17.88,36.89,66.90200000000007,79,57,2.82,MZ,1595351240
Road Town,18.42,-64.62,86.0,70,40,4.6,VG,1595351240
Shimoda,34.67,138.95,71.00600000000003,93,89,2.29,JP,1595351240
Teodoro Sampaio,-22.53,-52.17,82.79600000000005,39,0,3.73,BR,1595351240
Mahébourg,-20.41,57.7,69.80000000000001,52,75,4.1,MU,1595351071
High Level,58.52,-117.14,66.2,82,75,3.6,CA,1595351073
Boddam,57.47,-1.78,59.0,67,20,4.1,GB,1595351241
Guye,39.73,118.42,72.98600000000008,66,0,1.43,CN,1595351241
Konosha,60.97,40.26,62.276000000000096,94,92,2.63,RU,1595351241
Dzaoudzi,-12.79,45.27,77.0,69,18,5.7,YT,1595351241
Saint George,37.1,-113.58,95.0,21,1,6.2,US,1595350999
Viedma,-40.81,-63.0,48.992,91,99,1.79,AR,1595351241
Changde,29.05,111.68,78.99800000000002,80,100,0.89,CN,1595351241
Ugoofaaru,5.67,73.0,83.69600000000005,75,100,7.49,MV,1595351241
Carnarvon,-24.87,113.63,62.6,100,0,4.1,AU,1595351097
São João da Barra,-21.64,-41.05,82.4,51,20,3.6,BR,1595351241
Tautira,-17.73,-149.15,71.6,83,40,2.6,PF,1595351242
Besançon,47.25,6.02,80.99600000000005,24,4,2.65,FR,1595350993
Måløy,61.94,5.11,53.6,71,40,6.2,NO,1595351242
Kyren,51.68,102.14,61.91600000000001,59,57,0.92,RU,1595351242
Hofn,64.25,-15.21,52.79000000000002,77,100,7.73,IS,1595351082
Oga,46.46,10.35,66.2,82,75,2.6,IT,1595351242
Port Augusta,-32.5,137.77,41.0,93,0,1.5,AU,1595351242
Chaykovskaya,58.13,55.54,64.4,82,75,4.0,RU,1595351243
Ajdabiya,30.76,20.23,80.2760000000001,54,0,10.58,LY,1595351227
Labytnangi,66.66,66.42,59.21600000000001,73,34,1.57,RU,1595350987
Aykhal,66.0,111.5,46.4,93,90,4.0,RU,1595351243
Shingū,33.73,135.98,74.82200000000003,91,62,1.37,JP,1595351243
Grindavik,63.84,-22.43,53.6,62,75,2.6,IS,1595351243
Vardø,70.37,31.11,55.400000000000006,87,69,3.6,NO,1595351243
Río Gallegos,-51.62,-69.22,23.0,92,20,2.1,AR,1595351105
Ayagoz,47.97,80.44,70.44800000000004,59,55,4.61,KZ,1595351243
Nago,26.59,127.98,82.4,83,20,2.1,JP,1595351244
Kumul,42.8,93.45,77.01800000000009,42,18,1.19,CN,1595351244
Tuktoyaktuk,69.45,-133.04,39.2,80,90,2.6,CA,1595351244
Cabo San Lucas,22.89,-109.91,89.6,48,20,4.1,MX,1595351018
Marsá Maţrūḩ,31.35,27.25,78.80000000000001,78,20,5.7,EG,1595351244
Hilo,19.73,-155.09,71.00600000000003,73,20,2.6,US,1595351244
Puerto Escondido,15.85,-97.07,86.0,74,90,1.5,MX,1595351244
Seoul,37.57,126.98,73.4,88,90,0.55,KR,1595351001
Kensington,-33.92,151.22,50.0,71,75,3.6,AU,1595351244
Richards Bay,-28.78,32.04,63.37400000000001,79,0,3.01,ZA,1595351045
Nome,64.5,-165.41,48.00200000000008,93,90,4.1,US,1595351245
Talnakh,69.49,88.4,53.6,81,75,9.0,RU,1595351245
Chara,56.91,118.26,48.794000000000075,75,100,1.78,RU,1595351245
Thompson,55.74,-97.86,77.0,41,20,3.6,CA,1595351040
Geraldton,-28.77,114.6,51.8,93,6,5.1,AU,1595351245
Buraidah,26.33,43.98,107.60000000000001,15,0,7.2,SA,1595351061
New Norfolk,-42.78,147.06,46.004000000000055,84,92,1.79,AU,1595351049
Kyaikkami,16.08,97.57,82.31000000000009,81,100,2.72,MM,1595351245
Lang Suan,9.95,99.08,77.684,84,100,2.28,TH,1595351245
Saint-François,46.42,3.91,87.80000000000001,38,34,1.0,FR,1595351245
Vágur,61.47,-6.81,51.92600000000009,77,3,2.51,FO,1595351245
Iquitos,-3.75,-73.25,80.6,78,75,2.6,PE,1595351245
Laas,46.62,10.7,66.99199999999999,63,75,1.0,IT,1595351246
Hambantota,6.12,81.12,81.59000000000003,81,99,5.73,LK,1595351246
Acajutla,13.59,-89.83,78.99800000000002,100,100,1.82,SV,1595351076
Biskamzha,53.45,89.53,59.14400000000008,88,100,0.96,RU,1595351246
‘Ewa Beach,21.32,-158.01,75.2,78,1,1.5,US,1595351246
Cortez,37.35,-108.59,82.99400000000009,30,1,2.6,US,1595351246
Guerrero Negro,27.98,-114.06,73.83200000000002,64,2,5.61,MX,1595351246
Pevek,69.7,170.31,48.866000000000014,59,95,2.48,RU,1595351247
Balakhta,55.38,91.6,57.254000000000055,94,23,3.2,RU,1595351247
Verkhniy Rohachyk,47.25,34.34,77.108,47,28,2.97,UA,1595351247
Natal,-5.79,-35.21,73.4,94,75,5.7,BR,1595351114
Sechura,-5.56,-80.82,72.66200000000006,58,83,4.16,PE,1595351247
Wad Medani,14.4,33.52,87.60200000000009,46,95,3.83,SD,1595351247
Tucuruí,-3.77,-49.67,90.91400000000004,44,64,2.63,BR,1595351247
Piranshahr,36.7,45.14,80.34800000000003,16,0,2.23,IR,1595351226
Sept-Îles,50.2,-66.38,73.00400000000005,49,40,8.2,CA,1595351234
Torbay,47.67,-52.73,75.00200000000008,78,40,9.3,CA,1595351115
Nieuw Nickerie,5.95,-56.98,82.4,81,42,2.93,SR,1595351247
Calama,-22.47,-68.93,68.0,2,86,4.1,CL,1595351127
Riyadh,24.69,46.72,107.60000000000001,9,39,5.7,SA,1595351122
Jalu,29.03,21.55,93.092,19,0,5.19,LY,1595351248
Longyearbyen,78.22,15.64,50.0,71,75,1.0,SJ,1595351125
Bethel,41.37,-73.41,87.99800000000002,48,40,4.1,US,1595351248
Yumen,40.28,97.2,75.72200000000004,25,39,2.26,CN,1595351248
Yate,51.54,-2.42,69.99800000000002,44,45,1.79,GB,1595351248
Qaqortoq,60.72,-46.03,64.4,52,40,1.5,GL,1595351248
Hasaki,35.73,140.83,75.2,94,75,2.6,JP,1595351206
Arica,-18.48,-70.3,62.6,67,90,2.6,CL,1595351128
Sobolevo,54.43,31.9,64.99400000000009,88,98,3.65,RU,1595351248
Maragogi,-9.01,-35.22,78.83600000000007,68,3,5.46,BR,1595351248
Thai Binh,20.45,106.33,84.2,83,20,3.1,VN,1595351001
Rio Grande,-32.03,-52.1,86.0,40,100,2.1,BR,1595350970
Rawson,-43.3,-65.1,44.294000000000075,75,100,9.31,AR,1595351249
Vao,-22.67,167.48,68.9,70,89,5.54,NC,1595351249
Cururupu,-1.83,-44.87,83.82200000000003,71,15,2.61,BR,1595351249
Kothi,24.75,80.78,85.17200000000004,68,35,5.3,IN,1595351249
Morondava,-20.28,44.28,70.12400000000002,69,0,5.55,MG,1595351249
Napuro,12.03,124.71,76.60400000000006,90,80,1.49,PH,1595351249
Barrow,71.29,-156.79,30.2,92,90,4.1,US,1595351249
San Matías,-16.37,-58.4,95.234,22,0,3.65,BO,1595351250
Sonāmura,23.47,91.27,78.76400000000004,90,100,4.1,IN,1595351250
Itarema,-2.92,-39.92,85.17200000000004,58,15,6.99,BR,1595351250
Pacific Grove,36.62,-121.92,59.0,93,90,1.5,US,1595351119
Sørland,67.67,12.69,55.400000000000006,71,75,3.6,NO,1595351250
Panguna,-6.32,155.48,66.93800000000005,100,30,0.71,PG,1595351250
Ordu,40.91,37.68,77.0,73,40,4.1,TR,1595351250
Norman Wells,65.28,-126.83,51.8,93,90,6.2,CA,1595351250
Namatanai,-3.67,152.43,79.01600000000002,85,81,2.49,PG,1595351250
Avera,33.19,-82.53,91.99400000000009,62,40,2.1,US,1595351250
Nouadhibou,20.93,-17.03,82.4,61,1,5.1,MR,1595351251
Auki,-8.77,160.7,74.28200000000001,84,61,3.09,SB,1595351251
Tarko-Sale,64.92,77.78,48.992,74,14,6.97,RU,1595351251
Narsaq,60.92,-46.05,64.4,52,40,1.5,GL,1595351251
Paamiut,61.99,-49.67,46.814000000000036,77,100,5.23,GL,1595351251
Belfast,54.58,-5.93,62.6,59,97,4.6,GB,1595351251
Verkhoyansk,67.54,133.38,68.18000000000004,55,100,2.78,RU,1595351251
Abhā,18.22,42.51,66.2,82,75,5.1,SA,1595351252
Kulhudhuffushi,6.62,73.07,83.35400000000006,75,100,6.94,MV,1595351031
Qaanaaq,77.48,-69.36,49.1,52,21,0.65,GL,1595351039
Katangli,51.71,143.23,51.242,96,100,6.09,RU,1595351252
Saint-Augustin,51.23,-58.65,78.7100000000001,44,33,7.88,CA,1595351252
Korla,41.76,86.15,78.99800000000002,75,61,1.34,CN,1595351252
Belaya Gora,68.53,146.42,66.434,56,100,3.23,RU,1595351252
Shubarshi,48.59,57.19,87.00800000000001,27,68,6.43,KZ,1595351252
Beibei,29.83,106.43,77.0,88,40,2.0,CN,1595351252
Derzhavīnsk,51.1,66.32,70.46600000000001,69,96,5.81,KZ,1595351253
Abnūb,27.27,31.15,95.0,26,1,5.1,EG,1595351253
Asău,46.43,26.4,64.99400000000009,93,56,0.58,RO,1595351042
Lata,40.16,-8.33,91.00400000000005,39,52,2.9,PT,1595351253
Arlit,18.74,7.39,102.48800000000004,18,42,3.79,NE,1595351253
Eureka,40.8,-124.16,57.2,82,90,1.5,US,1595351061
Los Llanos de Aridane,28.66,-17.92,78.80000000000001,61,20,6.7,ES,1595351064
Pangnirtung,66.15,-65.71,48.2,93,90,3.1,CA,1595351253
Husavik,66.04,-17.34,55.400000000000006,66,40,7.2,IS,1595351253
San Cristobal,7.77,-72.22,93.2,44,20,4.1,VE,1595351068
Lafia,8.48,8.52,82.99400000000009,75,36,1.18,NG,1595351253
Yulara,-25.24,130.99,53.6,66,90,2.1,AU,1595351253
Ribeira Grande,38.52,-28.7,75.2,53,40,3.1,PT,1595351254
Sola,-13.88,167.55,76.69400000000007,74,93,7.72,VU,1595351254
Kamaishi,39.27,141.88,69.22400000000002,92,100,4.26,JP,1595351254
Gogrial,8.53,28.1,76.80200000000008,82,44,2.17,SS,1595351254
Karpathos,35.51,27.21,78.80000000000001,74,20,15.4,GR,1595350983
Sandomierz,50.68,21.75,75.99199999999999,56,8,0.89,PL,1595351254
Ambanja,-13.68,48.45,70.30400000000006,75,20,0.72,MG,1595351254
Umm Kaddadah,13.6,26.69,93.56000000000009,30,21,1.38,SD,1595351254
Liverpool,53.41,-2.98,64.00400000000005,67,20,3.1,GB,1595351054
Acaraú,-2.89,-40.12,85.334,57,26,6.78,BR,1595351254
Svetlaya,46.54,138.33,60.78200000000002,94,100,3.59,RU,1595351254
Kruisfontein,-34.0,24.73,64.61600000000001,26,0,3.08,ZA,1595351254
Tuatapere,-46.13,167.68,39.00200000000008,83,89,1.34,NZ,1595351255
Hastings,50.86,0.57,66.2,59,20,5.1,GB,1595350978
Salinas,36.68,-121.66,64.00400000000005,82,90,2.1,US,1595351252
Padilla,3.22,-76.31,82.4,65,40,2.1,CO,1595351255
Tigil',57.8,158.67,43.610000000000085,85,0,0.97,RU,1595351255
Bluefields,12.01,-83.76,84.2,79,75,2.28,NI,1595351255
Port-Gentil,-0.72,8.78,80.6,74,20,5.83,GA,1595351255
La Santisima Trinidad,-14.83,-64.9,87.80000000000001,62,20,5.1,BO,1595351182
Khandyga,62.67,135.6,57.74000000000002,60,58,1.28,RU,1595351255
Naze,28.37,129.48,77.0,94,87,1.0,JP,1595351255
Sochi,43.6,39.73,77.0,78,40,5.0,RU,1595351255
Skeldon,5.88,-57.13,83.69600000000005,82,43,1.05,GY,1595351255
Stokmarknes,68.56,14.91,53.6,87,75,1.5,NO,1595351256
Aksarka,66.56,67.8,57.56000000000009,60,65,2.33,RU,1595351256
Namwala,-15.75,26.44,60.92600000000009,52,49,2.75,ZM,1595351256
Coyhaique,-45.58,-72.07,35.6,80,90,2.1,CL,1595351062
Leningradskiy,69.38,178.42,44.36600000000001,72,95,4.23,RU,1595351049
Kahului,20.89,-156.47,73.99400000000009,73,1,2.1,US,1595351256
Mosquera,4.71,-74.23,62.6,55,75,1.0,CO,1595351086
Tari,12.41,4.49,91.81400000000004,44,50,2.0,NG,1595351256
Bariloche,-41.15,-71.31,35.00600000000003,90,90,5.7,AR,1595351256
Camapuã,-19.53,-54.04,90.98600000000008,20,0,3.95,BR,1595351256
Djibouti,11.5,42.5,95.0,34,75,4.6,DJ,1595350984
Mehamn,71.04,27.85,53.6,87,20,2.1,NO,1595351256
Los Algarrobos,8.5,-82.43,84.2,70,40,2.1,PA,1595351256
Sambava,-14.27,50.17,70.95200000000008,71,8,7.63,MG,1595351256
Faanui,-16.48,-151.75,77.48600000000008,83,70,11.43,PF,1595351257
Chincholi,17.47,77.43,80.43800000000005,76,99,1.35,IN,1595351257
Turukhansk,65.82,87.98,49.208000000000006,92,83,5.07,RU,1595351257
Hokitika,-42.72,170.97,46.86800000000009,82,96,1.73,NZ,1595351257
Nantucket,41.28,-70.1,82.4,58,1,5.1,US,1595351257
Daru,-9.08,143.21,76.64000000000001,88,98,6.12,PG,1595351257
Keti Bandar,24.14,67.45,86.07200000000003,75,100,8.82,PK,1595351257
Cockburn Town,21.46,-71.14,87.80000000000001,66,40,6.7,TC,1595351257
Mianyang,31.46,104.75,71.34800000000003,82,100,1.57,CN,1595351258
San Jerónimo,-11.95,-75.28,61.80800000000001,29,0,1.11,PE,1595351258
Galveston,29.37,-94.97,82.99400000000009,83,1,2.1,US,1595351137
Dicabisagan,17.08,122.42,79.98800000000006,84,100,1.58,PH,1595351258
Healdsburg,38.61,-122.87,62.00600000000003,83,35,1.55,US,1595351258
East London,-33.02,27.91,65.48000000000005,67,0,4.24,ZA,1595350995
Placer,39.07,-120.77,87.00800000000001,46,1,1.5,US,1595351258
Paraty,-23.22,-44.71,80.6,30,0,1.0,BR,1595351258
Copiapó,-27.37,-70.33,62.6,51,40,4.1,CL,1595351258
Dargaville,-35.93,173.88,49.352000000000075,82,52,7.09,NZ,1595351258
Dunedin,-45.87,170.5,42.008,75,100,2.68,NZ,1595351258
Barra de Tecoanapa,16.52,-98.75,86.37800000000007,67,91,3.01,MX,1595351259
Baghdad,33.34,44.4,107.60000000000001,16,0,6.2,IQ,1595351259
Martapura,-3.42,114.85,77.0,100,40,0.5,ID,1595351259
Bengkulu,-3.8,102.27,77.66600000000001,86,96,2.33,ID,1595351259
Clyde River,70.47,-68.59,48.2,87,75,2.1,CA,1595351259
Pando,-34.72,-55.95,62.99600000000005,87,90,2.1,UY,1595351259
Westport,41.14,-73.36,89.00600000000003,48,1,5.1,US,1595351259
Plettenberg Bay,-34.05,23.37,64.76000000000008,40,0,2.1,ZA,1595351259
Alofi,-19.06,-169.92,68.0,100,66,1.5,NU,1595351259
Adra,36.75,-3.02,93.2,28,0,12.9,ES,1595351259
Severo-Kuril'sk,50.68,156.12,47.46200000000006,90,24,1.02,RU,1595351260
Skibotn,69.39,20.27,51.8,100,75,6.2,NO,1595351260
La Ronge,55.1,-105.28,68.0,77,20,3.6,CA,1595351260
Cap Malheureux,-19.98,57.61,69.99800000000002,56,63,1.34,MU,1595351260
Muli,2.92,73.57,84.41600000000001,73,82,6.82,MV,1595351260
Santa Maria,-29.68,-53.81,84.2,39,99,1.5,BR,1595351260
Lorengau,-2.02,147.27,81.71600000000001,74,63,2.15,PG,1595351048
Otavi,-19.65,17.33,60.908,31,0,4.22,NA,1595351260
Wuwei,37.93,102.64,73.00400000000005,49,40,0.09,CN,1595351260
Lethem,3.38,-59.8,75.59600000000006,89,100,1.17,GY,1595351260
Coro,11.4,-69.67,90.93200000000002,52,9,8.11,VE,1595351260
Arrah,25.57,84.67,77.0,94,75,1.5,IN,1595351260
Mackenzie,55.3,-123.17,59.0,93,90,4.6,CA,1595351260
Berkovica,44.62,18.43,82.4,45,20,2.1,BA,1595351261
Batagay,67.63,134.63,67.85600000000002,60,99,2.08,RU,1595351261
Bellevue,47.61,-122.2,73.99400000000009,64,1,3.1,US,1595351261
Yar-Sale,66.83,70.83,49.064000000000036,63,35,2.09,RU,1595351261
Abashiri,44.02,144.27,64.99400000000009,84,100,0.89,JP,1595351261
Traverse City,44.76,-85.62,77.0,53,20,4.1,US,1595351261
Ancud,-41.87,-73.82,50.0,76,40,1.0,CL,1595351262
Meulaboh,4.14,96.13,75.84800000000003,91,100,3.3,ID,1595351262
Furukawa,38.57,140.96,69.27800000000008,97,100,0.23,JP,1595351262
Alekseyevskoye,55.31,50.11,62.6,88,75,3.0,RU,1595351262
Caraballeda,10.61,-66.85,87.80000000000001,70,40,5.1,VE,1595351262
Troitsko-Pechorsk,62.71,56.2,63.69800000000002,65,0,2.24,RU,1595351262
Apatity,67.56,33.4,68.39600000000004,49,92,2.68,RU,1595351262
Fountain,38.68,-104.7,75.00200000000008,49,1,3.6,US,1595351020
Watertown,42.37,-71.18,89.99600000000005,40,40,3.6,US,1595351262
Saint-Pierre,-21.34,55.48,66.2,77,75,2.6,RE,1595351262
Lompoc,34.64,-120.46,59.0,82,85,3.6,US,1595351251
Nísia Floresta,-6.09,-35.21,73.4,94,75,5.7,BR,1595351262
Samfya,-11.36,29.56,64.11200000000005,48,0,0.48,ZM,1595351262
Moerai,-22.43,-151.33,71.07800000000006,75,89,6.78,PF,1595351263
Eidfjord,60.47,7.07,46.99400000000007,64,65,2.24,NO,1595351263
Celestún,20.87,-90.4,87.35,60,6,2.42,MX,1595351263
Zuénoula,7.43,-6.04,84.18200000000002,69,61,1.93,CI,1595351263
Nizāmābād,18.67,78.12,79.61000000000008,81,100,1.25,IN,1595351263
Bayangol,50.7,103.47,55.184,89,45,0.67,RU,1595351263
Cambuci,-21.58,-41.91,82.4,51,20,3.6,BR,1595351263
Buala,-8.14,159.59,78.7100000000001,84,95,5.08,SB,1595351076
Vila Franca do Campo,37.72,-25.43,73.4,60,75,3.6,PT,1595351263
Anadyr,64.75,177.48,41.0,86,2,3.0,RU,1595351263
Mossamedes,-15.2,12.15,70.484,62,2,2.69,AO,1595351263
Saint Anthony,45.02,-93.22,73.00400000000005,78,75,4.1,US,1595351052
La Palma,33.85,-118.05,73.00400000000005,68,90,2.45,US,1595351211
Polyarny,69.2,33.45,78.80000000000001,36,37,2.0,RU,1595351264
Kuřim,49.3,16.53,75.2,64,20,2.6,CZ,1595351264
Nhulunbuy,-12.23,136.77,71.6,88,40,2.1,AU,1595351264
Nanortalik,60.14,-45.24,51.656000000000034,65,100,4.7,GL,1595351053
Burnie,-41.07,145.92,44.00600000000003,65,40,4.02,AU,1595351264
Margherita,27.28,95.68,74.46200000000006,94,100,1.23,IN,1595351264
Leshukonskoye,64.9,45.76,69.54800000000003,59,0,2.44,RU,1595351264
Prieska,-29.66,22.75,60.89000000000002,27,0,2.94,ZA,1595351264
Antanifotsy,-19.65,47.32,47.516000000000005,92,11,1.42,MG,1595351264
Wakefield,53.68,-1.5,62.99600000000005,60,75,3.39,GB,1595351239
Beringovskiy,63.05,179.32,46.11200000000006,82,0,2.05,RU,1595351264
Muroto-misakicho,33.28,134.15,79.64600000000004,83,72,1.77,JP,1595351264
Houma,29.6,-90.72,87.80000000000001,74,75,3.6,US,1595351265
Ürümqi,43.8,87.6,80.6,36,13,2.0,CN,1595351161
Lākshām,23.25,91.14,79.592,89,100,3.59,BD,1595351104
Mmathubudukwane,-24.6,26.43,66.2,36,0,1.5,BW,1595351265
Coahuayana Viejo,18.73,-103.68,80.6,74,5,2.2,MX,1595351265
Dingle,11.0,122.67,76.55000000000001,89,100,1.77,PH,1595351265
Mayumba,-3.43,10.66,73.94000000000003,81,56,4.65,GA,1595351265
Alamosa,37.47,-105.87,69.80000000000001,37,1,3.6,US,1595351265
Huarmey,-10.07,-78.15,66.70400000000006,68,59,4.64,PE,1595351074
Sioux Lookout,50.1,-91.92,68.0,68,75,1.5,CA,1595351102
Goulburn,-34.75,149.72,28.994000000000074,95,0,1.05,AU,1595351265
Tucumcari,35.17,-103.72,75.2,69,1,3.6,US,1595351266
Ostrovnoy,68.05,39.51,67.15400000000005,64,0,5.14,RU,1595351266
Solnechnyy,50.72,136.63,61.82600000000009,95,99,1.23,RU,1595351266
Waikuku,-43.3,172.68,48.992,93,55,6.2,NZ,1595351266
Najrān,17.49,44.13,96.8,22,75,4.1,SA,1595351266
Van,38.49,43.38,84.2,37,2,0.5,TR,1595351266
Arkhipo-Osipovka,44.37,38.52,71.61800000000008,79,21,2.6,RU,1595351266
Gallup,35.53,-108.74,80.6,21,1,4.1,US,1595351266
Nsanje,-16.92,35.26,67.55000000000001,75,21,2.77,MW,1595351266
Bonavista,48.65,-53.11,68.86400000000003,71,41,8.02,CA,1595351266
Belūsovka,50.13,82.52,68.0,88,75,1.91,KZ,1595351266
Caxito,-8.58,13.66,75.2,73,0,4.1,AO,1595351045
Cherskiy,68.75,161.3,61.483999999999995,47,31,2.94,RU,1595351267
Malakal,9.53,31.66,76.65800000000002,80,96,1.42,SS,1595351267
Rantepao,-2.97,119.9,65.62400000000002,89,63,0.6,ID,1595351267
Payson,40.04,-111.73,87.99800000000002,26,1,2.1,US,1595351267
Chokurdakh,70.63,147.92,66.41600000000001,52,98,4.54,RU,1595351267
Touros,-5.2,-35.46,73.4,94,90,7.2,BR,1595351070
Waterford,42.7,-83.4,78.00800000000001,64,75,2.1,US,1595351220
Kropotkin,45.44,40.58,66.41600000000001,86,28,1.92,RU,1595351267
Benghazi,32.12,20.07,78.26000000000008,67,0,8.84,LY,1595351267
Cangzhou,38.32,116.87,78.13399999999999,53,4,2.54,CN,1595351267
College,64.86,-147.8,53.6,93,90,5.1,US,1595351059
Esperance,-33.87,121.9,50.0,71,54,6.7,AU,1595351267
Padang,-0.95,100.35,78.04400000000007,81,99,2.5,ID,1595351267
San Fernando del Valle de Catamarca,-28.47,-65.79,57.992,68,16,0.89,AR,1595351267
San Vicente,-26.62,-54.13,77.77400000000002,44,80,2.97,AR,1595351268
Tocopilla,-22.09,-70.2,66.00200000000008,49,98,2.17,CL,1595351268
Santa Clara,22.4,-79.97,80.6,78,75,3.6,CU,1595351268
Xicoténcatl,23.02,-98.88,91.99400000000009,58,0,3.13,MX,1595351268
Borgo San Dalmazzo,44.33,7.49,84.00200000000008,69,40,2.1,IT,1595351268
Bukachacha,52.98,116.92,48.92000000000006,79,20,0.4,RU,1595351268
Mnogovershinnyy,53.94,139.92,52.62800000000007,100,100,2.33,RU,1595351268
Palmares do Sul,-30.26,-50.51,75.434,62,76,2.69,BR,1595351268
Camacha,33.08,-16.33,75.2,64,40,8.2,PT,1595351268
Sur,22.57,59.53,85.78399999999999,71,100,9.02,OM,1595351268
Biloela,-24.42,150.5,56.444000000000074,79,100,5.02,AU,1595351268
Vyborg,60.71,28.75,69.99800000000002,88,40,2.1,RU,1595351268
Manicoré,-5.81,-61.3,94.82000000000006,31,18,1.92,BR,1595351269
Doha,25.29,51.53,96.00800000000001,71,6,3.6,QA,1595351269
Atar,20.52,-13.05,109.5260000000001,12,72,2.03,MR,1595351269
Kenai,60.55,-151.26,60.00800000000001,87,75,2.01,US,1595351269
Sergeevka,53.88,67.42,60.944000000000074,77,61,3.57,KZ,1595351269
Valparaíso,-33.04,-71.63,53.6,100,75,3.1,CL,1595351269
Kang,-23.68,22.79,56.37200000000004,35,0,1.76,BW,1595351269
Impfondo,1.64,18.07,79.808,59,41,0.79,CG,1595351269
Novyy Buh,47.69,32.52,80.6,39,34,3.0,UA,1595351269
Matveyevka,52.15,56.18,75.2,44,90,3.0,RU,1595351269
Bodden Town,19.28,-81.25,89.00600000000003,70,40,6.2,KY,1595351269
Sindor,62.86,51.89,64.27400000000002,69,0,2.51,RU,1595351269
Rusape,-18.53,32.13,53.042,65,7,2.66,ZW,1595351269
Carutapera,-1.2,-46.02,84.57800000000006,68,0,3.21,BR,1595351270
Rumonge,-3.97,29.44,73.25600000000003,55,7,1.91,BI,1595351270
Bemidji,47.47,-94.88,64.99400000000009,82,90,5.7,US,1595351270
Imeni Poliny Osipenko,52.42,136.49,57.794000000000075,95,93,2.47,RU,1595351270
Parkes,-33.13,148.18,37.99400000000007,84,80,1.53,AU,1595351270
Udachny,66.42,112.4,46.4,93,90,4.0,RU,1595351042
Biak,-0.91,122.88,76.62200000000004,83,27,2.54,ID,1595351270
Mindelo,16.89,-24.98,86.0,62,40,6.7,CV,1595351270
Thinadhoo,0.53,72.93,84.434,75,90,4.98,MV,1595351270
Manaíra,-7.71,-38.15,84.45200000000008,24,24,4.92,BR,1595351270
Russell,32.35,-85.2,89.6,62,20,3.1,US,1595351082
Nogliki,51.83,143.17,51.87200000000004,95,100,6.13,RU,1595351270
Pathein,16.78,94.73,81.08600000000007,84,100,2.0,MM,1595351270
Te Anau,-45.42,167.72,34.016000000000005,90,36,0.59,NZ,1595351270
Zaragoza,41.66,-0.88,95.0,30,20,2.6,ES,1595351270
Dakar,14.69,-17.44,80.6,88,75,2.25,SN,1595351025
Lüderitz,-26.65,15.16,73.4,43,0,5.1,NA,1595351271
Port Hedland,-20.32,118.57,59.0,72,0,2.6,AU,1595351271
Aras,42.56,-2.36,86.0,45,75,4.6,ES,1595351271
Hong Kong,22.29,114.16,84.00200000000008,84,38,3.13,HK,1595351271
La Rioja,42.25,-2.5,86.0,45,75,4.6,ES,1595351271
Puerto Ayacucho,5.66,-67.62,86.0,62,40,2.6,VE,1595351271
Hurricane,37.18,-113.29,95.0,21,1,6.2,US,1595351268
Bud,39.45,-86.18,80.99600000000005,74,40,1.92,US,1595351271
Lagoa,39.05,-27.98,68.93600000000006,73,0,1.62,PT,1595351271
Hjelset,62.78,7.48,51.8,76,75,4.1,NO,1595351271
Edd,13.93,41.69,90.0680000000001,55,100,2.74,ER,1595351271
Coquimbo,-29.95,-71.34,60.8,55,40,1.5,CL,1595351271
Bowen,-20.02,148.23,64.99400000000009,88,90,2.1,AU,1595351271
Mount Gambier,-37.83,140.77,46.4,100,90,2.6,AU,1595351272
San Quintín,30.48,-115.95,70.21400000000003,72,74,5.31,MX,1595351059
Bamiantong,44.93,130.53,60.530000000000044,79,4,1.0,CN,1595351108
Stann Creek Town,16.97,-88.23,91.00400000000005,74,75,2.1,BZ,1595351272
São Filipe,14.9,-24.5,77.82800000000006,75,27,2.46,CV,1595351272
Smithers,54.78,-127.17,59.0,93,75,1.5,CA,1595351272
Oddur,4.12,43.89,78.09800000000003,58,27,7.64,SO,1595351272
Praia da Vitória,38.73,-27.07,75.2,64,40,2.79,PT,1595351272
Okhotsk,59.38,143.3,50.306000000000026,82,0,0.92,RU,1595351272
Mahanje,-9.93,35.33,62.294000000000075,69,78,0.72,TZ,1595351272
Santiago del Estero,-27.8,-64.26,64.94000000000003,61,100,3.86,AR,1595351272
Rāvar,31.27,56.81,84.61400000000003,14,0,4.1,IR,1595351272
Harlingen,26.19,-97.7,91.99400000000009,59,20,3.1,US,1595351006
Urengoy,65.97,78.37,48.57800000000007,65,22,6.33,RU,1595351064
Maniitsoq,65.42,-52.9,52.17800000000007,82,100,1.72,GL,1595351272
Ronneby,56.21,15.28,64.4,55,1,7.7,SE,1595351273
Kiama,-34.68,150.87,46.004000000000055,85,13,2.58,AU,1595351273
Fare,-16.7,-151.02,77.558,81,63,11.18,PF,1595351273
Margate,51.38,1.39,69.00800000000001,48,5,1.34,GB,1595351064
Acapulco de Juárez,16.86,-99.89,77.0,88,90,2.1,MX,1595351273
Ayr,55.46,-4.63,62.99600000000005,51,20,3.1,GB,1595351273
Biggar,55.62,-3.52,62.99600000000005,61,95,3.71,GB,1595351273
Mandera,3.94,41.87,84.03800000000004,46,70,6.69,KE,1595351273
Churapcha,62.0,132.43,58.946000000000055,67,100,3.63,RU,1595351273
Slave Lake,55.28,-114.77,64.4,82,75,3.6,CA,1595351187
Qasigiannguit,68.82,-51.19,55.400000000000006,50,75,1.5,GL,1595351273
Chatham,51.38,0.53,69.99800000000002,45,7,3.47,GB,1595351273
Fort Nelson,58.81,-122.7,64.4,72,75,2.1,CA,1595351273
Haimen,23.19,116.61,84.2,83,20,1.0,CN,1595351274
Omsukchan,62.53,155.8,49.946000000000055,66,69,2.37,RU,1595351039
Texarkana,33.43,-94.05,87.00800000000001,66,75,3.6,US,1595351274
Vila Velha,-20.33,-40.29,78.00800000000001,78,40,5.1,BR,1595351274
Bikin,46.82,134.26,62.74400000000007,90,0,1.15,RU,1595351274
Kuytun,54.34,101.5,59.0,73,18,2.29,RU,1595351274
‘Āhuimanu,21.44,-157.84,75.2,73,20,3.1,US,1595351274
El Carmen,8.51,-73.45,78.20600000000003,81,91,1.27,CO,1595351274
Rome,43.21,-75.46,78.00800000000001,64,75,3.1,US,1595351274
Ulagan,50.63,87.96,59.233999999999995,79,100,0.47,RU,1595351274
Huilong,31.81,121.66,84.99199999999999,89,100,2.49,CN,1595351274
Mackay,-21.15,149.2,64.4,88,75,4.1,AU,1595351274
Fortuna,40.6,-124.16,57.992,100,90,1.5,US,1595351275
Sampit,-2.53,112.95,75.05600000000004,96,74,1.33,ID,1595351275
Buchanan,5.88,-10.05,84.2,74,40,6.2,LR,1595351275
Departamento de Maldonado,-34.67,-54.92,64.00400000000005,93,100,2.6,UY,1595351275
Caravelas,-17.71,-39.25,78.11600000000001,63,11,3.62,BR,1595351275
Saqqez,36.25,46.27,83.12000000000006,14,72,3.03,IR,1595351275
Magistral'nyy,56.17,107.45,50.16200000000006,70,19,1.29,RU,1595351275
Miandrivazo,-19.52,45.47,67.91000000000008,56,0,0.9,MG,1595351275
Tegul'det,57.31,88.17,57.07400000000001,88,95,2.81,RU,1595351275
Ilovlya,49.3,43.98,80.6,28,84,4.0,RU,1595351275
Pemangkat,1.17,108.97,79.07000000000006,79,99,0.53,ID,1595351275
Xichang,27.9,102.26,68.81000000000009,79,100,1.78,CN,1595351275
Sulphur,30.24,-93.38,86.0,74,1,3.1,US,1595351276
Villazón,-22.09,-65.59,64.58000000000004,21,100,3.29,BO,1595351276
Salalah,17.02,54.09,80.6,94,90,3.1,OM,1595351276
Mildura,-34.2,142.15,37.99400000000007,100,29,2.6,AU,1595351276
Mill Valley,37.91,-122.55,59.0,78,86,0.89,US,1595351128
Velsk,61.07,42.1,64.59800000000003,82,92,3.23,RU,1595351276
Khanbari,27.37,87.2,72.82400000000001,76,70,0.11,NP,1595351276
Pangai,-19.8,-174.35,73.65200000000007,66,32,2.03,TO,1595351276
Ranong,9.97,98.63,78.17000000000007,83,100,1.06,TH,1595351276
Jacmel,18.23,-72.53,91.4,49,20,5.7,HT,1595351276
Kāzerūn,29.62,51.65,84.11000000000008,30,3,2.66,IR,1595351276
Melita,49.27,-101.0,64.99400000000009,82,0,0.45,CA,1595351276
Loa Janan,-0.58,117.09,73.958,95,1,0.61,ID,1595351276
Bilibino,68.05,166.44,58.98200000000001,53,72,0.3,RU,1595351276
Alice Springs,-23.7,133.88,39.2,100,16,3.07,AU,1595351044
Poum,-20.23,164.02,69.0260000000001,65,5,6.43,NC,1595351277
Portland,45.52,-122.68,75.00200000000008,60,1,3.1,US,1595351102
Batagay-Alyta,67.8,130.41,60.36800000000009,71,98,2.39,RU,1595351277
Banda Aceh,5.56,95.32,78.89000000000001,80,100,1.45,ID,1595351277
Egvekinot,66.32,-179.17,45.122000000000035,69,3,0.38,RU,1595351277
Kalmunai,7.42,81.82,81.82400000000001,79,95,5.53,LK,1595351277
Pimentel,-6.84,-79.93,69.80000000000001,64,34,5.1,PE,1595351277
Alyangula,-13.85,136.42,57.2,93,74,2.7,AU,1595351277
Knysna,-34.04,23.05,66.2,39,0,1.0,ZA,1595351277
Vic,41.93,2.25,87.99800000000002,38,0,0.45,ES,1595351245
Boyolangu,-8.12,111.89,74.62400000000002,91,73,2.3,ID,1595351277
Volkhov,59.93,32.34,71.00600000000003,57,100,1.42,RU,1595351277
Laguna,38.42,-121.42,69.99800000000002,72,1,4.1,US,1595351277
Grand Gaube,-20.01,57.66,69.99800000000002,56,72,1.34,MU,1595351277
Beloha,-25.17,45.05,63.08600000000007,69,2,4.87,MG,1595351277
Beyneu,45.32,55.2,95.01800000000009,18,100,3.37,KZ,1595351277
Abbeville,50.1,1.83,73.00400000000005,41,1,5.09,FR,1595351278
Kitimat,54.05,-128.65,59.0,93,75,5.1,CA,1595351278
Pisco,-13.7,-76.22,64.99400000000009,72,63,4.6,PE,1595351278
Bāfq,31.61,55.41,85.64000000000001,13,0,4.06,IR,1595351278
Moose Factory,51.26,-80.61,69.80000000000001,52,1,5.1,CA,1595351278
El Silencio,10.5,-66.92,87.80000000000001,70,40,5.1,VE,1595350988
Florianópolis,-27.61,-48.5,80.99600000000005,44,0,1.5,BR,1595351278
Pag,44.45,15.06,86.0,42,20,7.2,HR,1595351278
Bambous Virieux,-20.34,57.76,69.99800000000002,52,75,4.1,MU,1595351050
Purificación,3.86,-74.93,92.58800000000005,37,64,1.57,CO,1595351278
Nuuk,64.18,-51.72,55.004000000000055,71,75,5.1,GL,1595350987
Alaca,40.17,34.84,69.72800000000007,60,12,4.75,TR,1595351278
Skagen,57.72,10.58,64.00400000000005,71,0,9.83,DK,1595351278
Bijie,27.31,105.29,66.50600000000003,91,100,4.6,CN,1595351279
Kholtoson,50.3,103.31,58.04600000000005,75,37,1.1,RU,1595351279
